Identification,Transect number,Species code,Species,Start (meters),End (meters),Maximum height (meters),Cover (meters)
Identification ,Numéro du transect ,Code de l’espèce,Espèce,Début (mètres),Fin (mètres),Hauteur maximale (mètres),Couverture (mètres)
1,T01,Betu gla,Betula glandulosa,0.02,0.06,26,0.04
2,T01,Betu gla,Betula glandulosa,0.75,0.88,18,0.13
3,T01,Betu gla,Betula glandulosa,1.37,1.75,28,0.38
4,T01,Betu gla,Betula glandulosa,2.85,2.86,16,0.01
5,T01,Betu gla,Betula glandulosa,5.35,6.27,43,0.92
6,T01,Betu gla,Betula glandulosa,6.46,6.50,23,0.04
7,T01,Betu gla,Betula glandulosa,7.55,7.66,24,0.11
8,T01,Betu gla,Betula glandulosa,8.45,8.47,17,0.02
9,T01,Betu gla,Betula glandulosa,8.53,8.57,6,0.04
10,T01,Betu gla,Betula glandulosa,8.79,9.17,20,0.38
11,T01,Sali pul,Salix pulchra,11.04,11.22,31,0.18
12,T01,Betu gla,Betula glandulosa,12.93,13.89,38,0.96
13,T01,Betu gla,Betula glandulosa,14.00,14.02,19,0.02
14,T01,Betu gla,Betula glandulosa,14.22,14.26,21,0.04
15,T01,Betu gla,Betula glandulosa,14.39,14.43,21,0.04
16,T01,Sali pul,Salix pulchra,14.83,14.87,22,0.04
17,T01,Sali pul,Salix pulchra,14.92,15.04,22,0.12
18,T01,Sali pul,Salix pulchra,15.14,15.22,20,0.08
19,T01,Betu gla,Betula glandulosa,15.20,15.40,22,0.20
20,T01,Betu gla,Betula glandulosa,15.78,15.80,20,0.02
21,T01,Betu gla,Betula glandulosa,15.87,15.93,19,0.06
22,T01,Sali pul,Salix pulchra,16.09,16.17,20,0.08
23,T01,Sali pul,Salix pulchra,16.19,16.22,22,0.03
24,T01,Sali gla,Salix glauca,16.29,16.31,17,0.02
25,T01,Betu gla,Betula glandulosa,16.40,16.41,11,0.01
26,T01,Sali pul,Salix pulchra,16.44,16.50,15,0.06
27,T01,Betu gla,Betula glandulosa,16.46,16.49,18,0.03
28,T01,Betu gla,Betula glandulosa,16.52,16.75,23,0.23
29,T01,Betu gla,Betula glandulosa,16.82,16.88,20,0.06
30,T01,Betu gla,Betula glandulosa,17.06,17.08,15,0.02
31,T01,Sali pul,Salix pulchra,17.08,17.63,22,0.55
32,T01,Sali pul,Salix pulchra,17.77,17.98,22,0.21
33,T01,Sali pul,Salix pulchra,18.59,18.67,31,0.08
34,T01,Betu gla,Betula glandulosa,18.65,18.69,25,0.04
35,T01,Sali pul,Salix pulchra,18.77,18.87,27,0.10
36,T01,Betu gla,Betula glandulosa,18.89,18.91,22,0.02
37,T01,Sali pul,Salix pulchra,18.96,19.06,24,0.10
38,T01,Sali pul,Salix pulchra,19.06,19.12,18,0.06
39,T01,Betu gla,Betula glandulosa,20.09,20.17,25,0.08
40,T01,Betu gla,Betula glandulosa,21.32,21.40,18,0.08
41,T01,Betu gla,Betula glandulosa,21.76,21.82,13,0.06
42,T01,Betu gla,Betula glandulosa,21.91,21.93,9,0.02
43,T01,Betu gla,Betula glandulosa,22.05,22.11,20,0.06
44,T01,Sali pul,Salix pulchra,22.20,22.45,41,0.25
45,T01,Betu gla,Betula glandulosa,22.45,22.67,14,0.22
46,T01,Betu gla,Betula glandulosa,22.76,22.79,14,0.03
47,T01,Betu gla,Betula glandulosa,22.89,22.99,16,0.10
48,T01,Betu gla,Betula glandulosa,23.09,23.11,19,0.02
49,T01,Betu gla,Betula glandulosa,23.19,23.22,23,0.03
50,T01,Betu gla,Betula glandulosa,24.73,24.78,9,0.05
51,T01,Betu gla,Betula glandulosa,24.82,24.91,10,0.09
52,T01,Betu gla,Betula glandulosa,25.05,25.11,9,0.06
53,T01,Betu gla,Betula glandulosa,26.05,26.14,10,0.09
54,T01,Betu gla,Betula glandulosa,26.29,26.47,13,0.18
55,T01,Betu gla,Betula glandulosa,27.37,27.44,10,0.07
56,T01,Sali pul,Salix pulchra,28.17,28.20,16,0.03
57,T01,Sali pul,Salix pulchra,28.39,28.51,16,0.12
58,T01,Betu gla,Betula glandulosa,28.92,28.97,14,0.05
59,T01,Sali pul,Salix pulchra,29.27,29.39,15,0.12
60,T01,Betu gla,Betula glandulosa,29.44,29.58,20,0.14
61,T01,Betu gla,Betula glandulosa,29.80,29.82,15,0.02
62,T01,Betu gla,Betula glandulosa,29.87,29.91,17,0.04
63,T01,Betu gla,Betula glandulosa,29.95,29.96,7,0.01
64,T02,Betu gla,Betula glandulosa,0.05,0.22,27,0.17
65,T02,Betu gla,Betula glandulosa,0.36,0.37,20,0.01
66,T02,Betu gla,Betula glandulosa,0.84,0.86,37,0.02
67,T02,Betu gla,Betula glandulosa,0.95,0.96,22,0.01
68,T02,Betu gla,Betula glandulosa,1.57,1.58,15,0.01
69,T02,Betu gla,Betula glandulosa,1.86,1.92,24,0.06
70,T02,Betu gla,Betula glandulosa,2.55,2.62,43,0.07
71,T02,Sali pul,Salix pulchra,2.63,2.85,58,0.22
72,T02,Sali pul,Salix pulchra,2.88,3.03,48,0.15
73,T02,Sali pul,Salix pulchra,3.39,3.42,35,0.03
74,T02,Sali pul,Salix pulchra,3.47,3.48,29,0.01
75,T02,Sali pul,Salix pulchra,3.95,3.97,20,0.02
76,T02,Sali pul,Salix pulchra,4.01,4.30,30,0.29
77,T02,Sali pul,Salix pulchra,4.39,4.47,34,0.08
78,T02,Betu gla,Betula glandulosa,4.85,5.04,23,0.19
79,T02,Betu gla,Betula glandulosa,5.33,5.50,36,0.17
80,T02,Betu gla,Betula glandulosa,5.55,5.60,28,0.05
81,T02,Betu gla,Betula glandulosa,7.44,7.47,27,0.03
82,T02,Betu gla,Betula glandulosa,7.55,7.61,30,0.06
83,T02,Sali pul,Salix pulchra,8.60,8.65,14,0.05
84,T02,Sali pul,Salix pulchra,9.21,9.26,22,0.05
85,T02,Betu gla,Betula glandulosa,9.36,9.44,20,0.08
86,T02,Sali pul,Salix pulchra,9.55,9.59,9,0.04
87,T02,Sali pul,Salix pulchra,9.62,9.71,12,0.09
88,T02,Sali pul,Salix pulchra,9.86,10.02,23,0.16
89,T02,Sali pul,Salix pulchra,10.16,10.21,17,0.05
90,T02,Betu gla,Betula glandulosa,10.47,10.75,42,0.28
91,T02,Betu gla,Betula glandulosa,11.50,11.54,17,0.04
92,T02,Betu gla,Betula glandulosa,11.77,11.78,12,0.01
93,T02,Betu gla,Betula glandulosa,12.41,12.49,18,0.08
94,T02,Sali pul,Salix pulchra,12.58,12.66,16,0.08
95,T02,Betu gla,Betula glandulosa,12.59,12.68,8,0.09
96,T02,Sali pul,Salix pulchra,12.80,12.85,27,0.05
97,T02,Betu gla,Betula glandulosa,13.15,13.30,27,0.15
98,T02,Betu gla,Betula glandulosa,14.09,14.12,21,0.03
99,T02,Betu gla,Betula glandulosa,14.45,14.63,29,0.18
100,T02,Sali pul,Salix pulchra,14.68,14.70,18,0.02
101,T02,Sali pul,Salix pulchra,15.28,15.35,16,0.07
102,T02,Sali pul,Salix pulchra,16.90,16.98,30,0.08
103,T02,Sali pul,Salix pulchra,17.32,17.61,29,0.29
104,T02,Betu gla,Betula glandulosa,20.72,20.75,34,0.03
105,T02,Betu gla,Betula glandulosa,21.28,21.37,22,0.09
106,T02,Sali pul,Salix pulchra,21.44,21.47,11,0.03
107,T02,Sali pul,Salix pulchra,21.85,21.93,22,0.08
108,T02,Betu gla,Betula glandulosa,22.36,22.39,13,0.03
109,T02,Betu gla,Betula glandulosa,22.51,22.61,15,0.10
110,T02,Betu gla,Betula glandulosa,22.65,22.84,28,0.19
111,T02,Betu gla,Betula glandulosa,23.02,23.16,26,0.14
112,T02,Betu gla,Betula glandulosa,23.19,23.24,28,0.05
113,T02,Sali pul,Salix pulchra,23.44,23.51,19,0.07
114,T02,Betu gla,Betula glandulosa,23.66,23.70,43,0.04
115,T02,Betu gla,Betula glandulosa,23.86,23.89,39,0.03
116,T02,Betu gla,Betula glandulosa,23.95,24.00,32,0.05
117,T02,Betu gla,Betula glandulosa,24.44,24.46,13,0.02
118,T02,Betu gla,Betula glandulosa,24.63,24.67,43,0.04
119,T02,Betu gla,Betula glandulosa,24.89,24.94,18,0.05
120,T02,Betu gla,Betula glandulosa,25.08,25.16,20,0.08
121,T02,Alnu cri,Alnus crispa,25.20,25.32,35,0.12
122,T02,Alnu cri,Alnus crispa,25.42,25.50,48,0.08
123,T02,Betu gla,Betula glandulosa,25.34,25.61,28,0.27
124,T02,Betu gla,Betula glandulosa,28.16,28.72,31,0.56
125,T02,Betu gla,Betula glandulosa,29.10,29.15,20,0.05
126,T02,Betu gla,Betula glandulosa,29.55,29.65,34,0.10
127,T02,Betu gla,Betula glandulosa,29.75,29.79,20,0.04
128,T03,Betu gla,Betula glandulosa,0.14,0.20,20,0.06
129,T03,Betu gla,Betula glandulosa,0.39,0.41,24,0.02
130,T03,Betu gla,Betula glandulosa,0.45,0.57,39,0.12
131,T03,Sali pul,Salix pulchra,0.54,0.75,32,0.21
132,T03,Betu gla,Betula glandulosa,0.97,1.01,23,0.04
133,T03,Betu gla,Betula glandulosa,1.07,1.23,38,0.16
134,T03,Betu gla,Betula glandulosa,1.35,1.41,35,0.06
135,T03,Betu gla,Betula glandulosa,1.44,1.67,27,0.23
136,T03,Betu gla,Betula glandulosa,1.69,1.74,18,0.05
137,T03,Betu gla,Betula glandulosa,1.83,1.89,21,0.06
138,T03,Betu gla,Betula glandulosa,2.15,2.33,36,0.18
139,T03,Betu gla,Betula glandulosa,2.42,2.63,73,0.21
140,T03,Betu gla,Betula glandulosa,2.66,2.73,40,0.07
141,T03,Betu gla,Betula glandulosa,2.91,2.94,47,0.03
142,T03,Betu gla,Betula glandulosa,3.25,3.37,53,0.12
143,T03,Betu gla,Betula glandulosa,3.47,3.73,30,0.26
144,T03,Betu gla,Betula glandulosa,4.24,4.50,59,0.26
145,T03,Betu gla,Betula glandulosa,4.56,4.65,54,0.09
146,T03,Betu gla,Betula glandulosa,4.80,5.00,50,0.20
147,T03,Betu gla,Betula glandulosa,5.23,5.50,36,0.27
148,T03,Betu gla,Betula glandulosa,6.65,7.20,54,0.55
149,T03,Betu gla,Betula glandulosa,7.06,7.22,45,0.16
150,T03,Betu gla,Betula glandulosa,7.33,7.37,28,0.04
151,T03,Betu gla,Betula glandulosa,7.54,7.63,32,0.09
152,T03,Betu gla,Betula glandulosa,7.67,7.79,23,0.12
153,T03,Betu gla,Betula glandulosa,7.86,8.05,41,0.19
154,T03,Betu gla,Betula glandulosa,8.23,8.25,35,0.02
155,T03,Betu gla,Betula glandulosa,8.82,9.15,71,0.33
156,T03,Betu gla,Betula glandulosa,9.26,9.29,48,0.03
157,T03,Betu gla,Betula glandulosa,9.57,9.61,37,0.04
158,T03,Betu gla,Betula glandulosa,9.75,9.86,66,0.11
159,T03,Alnu cri,Alnus crispa,10.10,10.15,25,0.05
160,T03,Betu gla,Betula glandulosa,10.83,10.91,29,0.08
161,T03,Betu gla,Betula glandulosa,11.21,11.30,24,0.09
162,T03,Betu gla,Betula glandulosa,11.87,11.90,13,0.03
163,T03,Betu gla,Betula glandulosa,12.40,12.45,64,0.05
164,T03,Betu gla,Betula glandulosa,12.80,13.15,67,0.35
165,T03,Betu gla,Betula glandulosa,14.05,14.25,18,0.20
166,T03,Alnu cri,Alnus crispa,15.05,15.07,30,0.02
167,T03,Alnu cri,Alnus crispa,15.15,15.26,30,0.11
168,T03,Alnu cri,Alnus crispa,15.30,15.47,45,0.17
169,T03,Betu gla,Betula glandulosa,15.90,15.96,20,0.06
170,T03,Betu gla,Betula glandulosa,16.28,16.35,31,0.07
171,T03,Betu gla,Betula glandulosa,16.40,16.73,29,0.33
172,T03,Betu gla,Betula glandulosa,16.77,16.82,18,0.05
173,T03,Betu gla,Betula glandulosa,17.04,17.11,40,0.07
174,T03,Betu gla,Betula glandulosa,19.15,19.17,31,0.02
175,T03,Sali pul,Salix pulchra,19.26,19.30,32,0.04
176,T03,Betu gla,Betula glandulosa,19.30,19.34,21,0.04
177,T03,Betu gla,Betula glandulosa,19.50,19.55,27,0.05
178,T03,Sali pul,Salix pulchra,19.90,20.00,81,0.10
179,T03,Alnu cri,Alnus crispa,20.00,20.10,62,0.10
180,T03,Alnu cri,Alnus crispa,20.24,20.55,63,0.31
181,T03,Betu gla,Betula glandulosa,19.90,19.95,29,0.05
182,T03,Betu gla,Betula glandulosa,20.10,20.95,45,0.85
183,T03,Alnu cri,Alnus crispa,21.09,21.47,44,0.38
184,T03,Betu gla,Betula glandulosa,21.63,21.70,34,0.07
185,T03,Betu gla,Betula glandulosa,21.75,21.97,42,0.22
186,T03,Betu gla,Betula glandulosa,22.06,22.07,35,0.01
187,T03,Alnu cri,Alnus crispa,22.45,22.78,50,0.33
188,T03,Betu gla,Betula glandulosa,22.93,22.97,35,0.04
189,T03,Sali pul,Salix pulchra,23.27,23.44,39,0.17
190,T03,Betu gla,Betula glandulosa,23.48,23.53,22,0.05
191,T03,Alnu cri,Alnus crispa,24.20,24.30,68,0.10
192,T03,Sali pul,Salix pulchra,24.35,24.62,44,0.27
193,T03,Alnu cri,Alnus crispa,24.67,24.76,53,0.09
194,T03,Sali pul,Salix pulchra,24.76,24.85,31,0.09
195,T03,Sali pul,Salix pulchra,24.87,25.06,48,0.19
196,T03,Sali pul,Salix pulchra,25.11,25.14,14,0.03
197,T03,Betu gla,Betula glandulosa,25.30,25.33,28,0.03
198,T03,Betu gla,Betula glandulosa,25.59,25.63,32,0.04
199,T03,Betu gla,Betula glandulosa,25.72,25.89,37,0.17
200,T03,Betu gla,Betula glandulosa,26.60,27.31,52,0.71
201,T03,Alnu cri,Alnus crispa,27.24,27.40,19,0.16
202,T03,Betu gla,Betula glandulosa,27.52,27.60,34,0.08
203,T03,Betu gla,Betula glandulosa,27.74,27.77,24,0.03
204,T03,Alnu cri,Alnus crispa,27.92,27.95,17,0.03
205,T03,Betu gla,Betula glandulosa,28.72,28.92,32,0.20
206,T03,Betu gla,Betula glandulosa,29.00,29.07,46,0.07
207,T03,Alnu cri,Alnus crispa,29.92,30.00,42,0.08
208,T04,Betu gla,Betula glandulosa,0.31,0.35,30,0.04
209,T04,Betu gla,Betula glandulosa,0.41,0.46,38,0.05
210,T04,Betu gla,Betula glandulosa,0.49,0.61,31,0.12
211,T04,Betu gla,Betula glandulosa,0.70,0.85,39,0.15
212,T04,Alnu cri,Alnus crispa,2.06,2.43,65,0.37
213,T04,Alnu cri,Alnus crispa,2.60,2.86,77,0.26
214,T04,Alnu cri,Alnus crispa,2.90,3.05,38,0.15
215,T04,Betu gla,Betula glandulosa,3.22,3.25,19,0.03
216,T04,Betu gla,Betula glandulosa,4.62,4.64,27,0.02
217,T04,Betu gla,Betula glandulosa,5.21,5.45,32,0.24
218,T04,Betu gla,Betula glandulosa,5.53,5.70,28,0.17
219,T04,Betu gla,Betula glandulosa,5.73,5.95,27,0.22
220,T04,Betu gla,Betula glandulosa,5.97,6.15,29,0.18
221,T04,Alnu cri,Alnus crispa,6.65,6.98,81,0.33
222,T04,Betu gla,Betula glandulosa,6.90,7.20,37,0.30
223,T04,Betu gla,Betula glandulosa,7.41,7.54,27,0.13
224,T04,Betu gla,Betula glandulosa,7.76,8.31,41,0.55
225,T04,Betu gla,Betula glandulosa,8.36,8.60,31,0.24
226,T04,Betu gla,Betula glandulosa,8.82,8.86,45,0.04
227,T04,Alnu cri,Alnus crispa,9.92,10.33,62,0.41
228,T04,Betu gla,Betula glandulosa,10.41,10.50,31,0.09
229,T04,Betu gla,Betula glandulosa,10.58,10.62,24,0.04
230,T04,Betu gla,Betula glandulosa,10.67,10.76,37,0.09
231,T04,Betu gla,Betula glandulosa,10.81,11.03,41,0.22
232,T04,Betu gla,Betula glandulosa,11.16,11.70,43,0.54
233,T04,Betu gla,Betula glandulosa,11.78,12.27,34,0.49
234,T04,Betu gla,Betula glandulosa,13.08,13.14,31,0.06
235,T04,Betu gla,Betula glandulosa,13.27,13.77,58,0.50
236,T04,Betu gla,Betula glandulosa,13.94,14.26,58,0.32
237,T04,Betu gla,Betula glandulosa,14.33,14.49,34,0.16
238,T04,Betu gla,Betula glandulosa,14.57,14.62,29,0.05
239,T04,Betu gla,Betula glandulosa,14.65,14.95,41,0.30
240,T04,Betu gla,Betula glandulosa,15.05,15.11,36,0.06
241,T04,Betu gla,Betula glandulosa,15.17,15.19,33,0.02
242,T04,Alnu cri,Alnus crispa,15.89,15.96,43,0.07
243,T04,Alnu cri,Alnus crispa,16.04,16.06,36,0.02
244,T04,Betu gla,Betula glandulosa,17.48,17.52,39,0.04
245,T04,Betu gla,Betula glandulosa,18.78,18.82,21,0.04
246,T04,Sali pul,Salix pulchra,18.73,18.78,25,0.05
247,T04,Betu gla,Betula glandulosa,19.74,19.76,26,0.02
248,T04,Betu gla,Betula glandulosa,19.92,19.97,26,0.05
249,T04,Alnu cri,Alnus crispa,20.35,20.48,46,0.13
250,T04,Betu gla,Betula glandulosa,20.56,20.67,13,0.11
251,T04,Betu gla,Betula glandulosa,22.61,22.69,24,0.08
252,T04,Betu gla,Betula glandulosa,22.98,23.25,43,0.27
253,T04,Alnu cri,Alnus crispa,23.36,23.67,50,0.31
254,T04,Alnu cri,Alnus crispa,23.40,23.44,77,0.04
255,T04,Sali pul,Salix pulchra,24.51,24.61,57,0.10
256,T04,Alnu cri,Alnus crispa,24.64,25.17,72,0.53
257,T04,Sali pul,Salix pulchra,25.67,25.80,33,0.13
258,T04,Betu gla,Betula glandulosa,26.07,26.10,37,0.03
259,T04,Alnu cri,Alnus crispa,26.12,26.53,75,0.41
260,T04,Sali pul,Salix pulchra,27.19,27.27,25,0.08
261,T04,Betu gla,Betula glandulosa,27.45,27.50,20,0.05
262,T04,Betu gla,Betula glandulosa,27.70,27.90,27,0.20
263,T04,Betu gla,Betula glandulosa,28.57,29.05,61,0.48
264,T04,Betu gla,Betula glandulosa,29.25,29.30,46,0.05
265,T04,Betu gla,Betula glandulosa,29.37,29.41,20,0.04
266,T05,Betu gla,Betula glandulosa,0.95,1.07,31,0.12
267,T05,Betu gla,Betula glandulosa,1.30,1.37,27,0.07
268,T05,Betu gla,Betula glandulosa,1.77,1.87,27,0.10
269,T05,Betu gla,Betula glandulosa,1.92,1.99,28,0.07
270,T05,Betu gla,Betula glandulosa,2.25,2.31,27,0.06
271,T05,Sali pul,Salix pulchra,2.53,2.72,37,0.19
272,T05,Sali pul,Salix pulchra,2.94,3.02,50,0.08
273,T05,Sali pul,Salix pulchra,3.04,3.15,26,0.11
274,T05,Sali pul,Salix pulchra,3.19,3.24,36,0.05
275,T05,Betu gla,Betula glandulosa,3.21,3.24,18,0.03
276,T05,Betu gla,Betula glandulosa,3.43,3.58,36,0.15
277,T05,Betu gla,Betula glandulosa,3.62,3.67,33,0.05
278,T05,Betu gla,Betula glandulosa,3.73,3.80,18,0.07
279,T05,Betu gla,Betula glandulosa,4.49,4.51,34,0.02
280,T05,Betu gla,Betula glandulosa,4.72,4.76,15,0.04
281,T05,Betu gla,Betula glandulosa,4.85,4.92,23,0.07
282,T05,Betu gla,Betula glandulosa,5.54,5.60,32,0.06
283,T05,Betu gla,Betula glandulosa,5.74,5.78,12,0.04
284,T05,Betu gla,Betula glandulosa,5.98,6.00,32,0.02
285,T05,Betu gla,Betula glandulosa,6.05,6.08,20,0.03
286,T05,Sali pul,Salix pulchra,6.26,6.31,32,0.05
287,T05,Sali pul,Salix pulchra,6.45,6.65,33,0.20
288,T05,Betu gla,Betula glandulosa,7.31,7.50,28,0.19
289,T05,Betu gla,Betula glandulosa,7.65,7.75,31,0.10
290,T05,Betu gla,Betula glandulosa,7.92,7.94,39,0.02
291,T05,Betu gla,Betula glandulosa,8.35,8.40,44,0.05
292,T05,Betu gla,Betula glandulosa,8.50,8.65,32,0.15
293,T05,Sali pul,Salix pulchra,9.27,9.36,24,0.09
294,T05,Alnu cri,Alnus crispa,9.84,9.86,37,0.02
295,T05,Alnu cri,Alnus crispa,10.12,10.19,25,0.07
296,T05,Betu gla,Betula glandulosa,10.73,10.75,22,0.02
297,T05,Betu gla,Betula glandulosa,10.78,10.80,23,0.02
298,T05,Betu gla,Betula glandulosa,12.98,13.03,29,0.05
299,T05,Betu gla,Betula glandulosa,13.10,13.13,29,0.03
300,T05,Sali pul,Salix pulchra,13.20,13.22,7,0.02
301,T05,Sali pul,Salix pulchra,13.33,13.36,22,0.03
302,T05,Betu gla,Betula glandulosa,13.89,14.00,21,0.11
303,T05,Betu gla,Betula glandulosa,14.06,14.08,22,0.02
304,T05,Sali pul,Salix pulchra,14.30,14.36,21,0.06
305,T05,Alnu cri,Alnus crispa,14.60,14.69,27,0.09
306,T05,Sali pul,Salix pulchra,15.66,15.76,21,0.10
307,T05,Betu gla,Betula glandulosa,16.26,16.28,24,0.02
308,T05,Sali pul,Salix pulchra,16.35,16.49,42,0.14
309,T05,Alnu cri,Alnus crispa,16.61,16.63,29,0.02
310,T05,Betu gla,Betula glandulosa,16.75,16.85,16,0.10
311,T05,Betu gla,Betula glandulosa,16.87,16.92,39,0.05
312,T05,Sali pul,Salix pulchra,17.61,17.75,14,0.14
313,T05,Betu gla,Betula glandulosa,18.57,18.63,16,0.06
314,T05,Betu gla,Betula glandulosa,18.77,18.82,21,0.05
315,T05,Betu gla,Betula glandulosa,18.85,18.94,23,0.09
316,T05,Betu gla,Betula glandulosa,19.05,19.07,15,0.02
317,T05,Betu gla,Betula glandulosa,19.34,19.41,16,0.07
318,T05,Betu gla,Betula glandulosa,19.69,19.85,26,0.16
319,T05,Betu gla,Betula glandulosa,19.96,20.07,23,0.11
320,T05,Betu gla,Betula glandulosa,20.10,20.18,18,0.08
321,T05,Sali pul,Salix pulchra,20.29,20.33,25,0.04
322,T05,Sali pul,Salix pulchra,20.39,20.41,22,0.02
323,T05,Sali pul,Salix pulchra,20.45,20.48,16,0.03
324,T05,Betu gla,Betula glandulosa,20.61,20.65,25,0.04
325,T05,Betu gla,Betula glandulosa,20.79,21.19,33,0.40
326,T05,Betu gla,Betula glandulosa,21.91,22.19,37,0.28
327,T05,Sali pul,Salix pulchra,22.92,22.96,26,0.04
328,T05,Alnu cri,Alnus crispa,23.35,23.47,36,0.12
329,T05,Alnu cri,Alnus crispa,23.95,24.21,38,0.26
330,T05,Alnu cri,Alnus crispa,24.26,24.33,36,0.07
331,T05,Alnu cri,Alnus crispa,25.29,25.32,24,0.03
332,T05,Alnu cri,Alnus crispa,25.39,25.42,25,0.03
333,T05,Sali pul,Salix pulchra,25.85,25.90,26,0.05
334,T05,Betu gla,Betula glandulosa,26.17,26.26,55,0.09
335,T05,Betu gla,Betula glandulosa,26.56,26.78,32,0.22
336,T05,Betu gla,Betula glandulosa,26.94,27.00,18,0.06
337,T05,Betu gla,Betula glandulosa,27.04,27.11,21,0.07
338,T05,Betu gla,Betula glandulosa,27.46,27.54,26,0.08
339,T05,Alnu cri,Alnus crispa,27.67,27.71,26,0.04
340,T06,Betu gla,Betula glandulosa,0.00,0.05,35,0.05
341,T06,Betu gla,Betula glandulosa,0.18,0.20,14,0.02
342,T06,Sali pul,Salix pulchra,0.85,0.87,17,0.02
343,T06,Betu gla,Betula glandulosa,1.59,1.71,27,0.12
344,T06,Betu gla,Betula glandulosa,2.20,2.23,27,0.03
345,T06,Betu gla,Betula glandulosa,2.65,2.70,21,0.05
346,T06,Betu gla,Betula glandulosa,2.73,2.75,24,0.02
347,T06,Betu gla,Betula glandulosa,2.88,2.91,21,0.03
348,T06,Sali pul,Salix pulchra,2.93,3.09,31,0.16
349,T06,Betu gla,Betula glandulosa,3.09,3.20,31,0.11
350,T06,Betu gla,Betula glandulosa,3.30,3.41,36,0.11
351,T06,Betu gla,Betula glandulosa,3.43,3.50,15,0.07
352,T06,Betu gla,Betula glandulosa,4.17,4.26,37,0.09
353,T06,Betu gla,Betula glandulosa,4.39,4.46,33,0.07
354,T06,Sali pul,Salix pulchra,4.51,4.55,28,0.04
355,T06,Betu gla,Betula glandulosa,5.38,5.45,34,0.07
356,T06,Betu gla,Betula glandulosa,5.82,5.99,27,0.17
357,T06,Sali pul,Salix pulchra,6.07,6.16,17,0.09
358,T06,Betu gla,Betula glandulosa,6.24,6.26,15,0.02
359,T06,Sali pul,Salix pulchra,6.30,6.36,27,0.06
360,T06,Betu gla,Betula glandulosa,6.37,6.52,33,0.15
361,T06,Betu gla,Betula glandulosa,6.71,6.74,17,0.03
362,T06,Sali pul,Salix pulchra,7.55,7.65,31,0.10
363,T06,Betu gla,Betula glandulosa,7.63,7.70,42,0.07
364,T06,Betu gla,Betula glandulosa,7.86,7.88,14,0.02
365,T06,Betu gla,Betula glandulosa,9.00,9.08,20,0.08
366,T06,Betu gla,Betula glandulosa,9.13,9.17,18,0.04
367,T06,Betu gla,Betula glandulosa,9.23,9.25,16,0.02
368,T06,Betu gla,Betula glandulosa,9.55,9.57,29,0.02
369,T06,Betu gla,Betula glandulosa,10.33,10.50,20,0.17
370,T06,Betu gla,Betula glandulosa,10.71,10.75,24,0.04
371,T06,Sali pul,Salix pulchra,10.83,10.89,26,0.06
372,T06,Betu gla,Betula glandulosa,10.91,10.93,16,0.02
373,T06,Betu gla,Betula glandulosa,11.04,11.07,13,0.03
374,T06,Betu gla,Betula glandulosa,12.10,12.12,25,0.02
375,T06,Betu gla,Betula glandulosa,12.45,12.51,22,0.06
376,T06,Betu gla,Betula glandulosa,12.55,13.63,19,1.08
377,T06,Betu gla,Betula glandulosa,12.70,12.81,29,0.11
378,T06,Betu gla,Betula glandulosa,12.96,12.98,11,0.02
379,T06,Betu gla,Betula glandulosa,13.21,13.25,19,0.04
380,T06,Betu gla,Betula glandulosa,13.46,13.51,17,0.05
381,T06,Sali pul,Salix pulchra,14.77,14.85,20,0.08
382,T06,Sali pul,Salix pulchra,14.91,14.95,42,0.04
383,T06,Betu gla,Betula glandulosa,15.30,15.45,45,0.15
384,T06,Betu gla,Betula glandulosa,16.00,16.04,36,0.04
385,T06,Betu gla,Betula glandulosa,16.16,16.20,31,0.04
386,T06,Sali pul,Salix pulchra,16.52,16.70,45,0.18
387,T06,Betu gla,Betula glandulosa,16.95,17.05,46,0.10
388,T06,Betu gla,Betula glandulosa,17.10,17.13,12,0.03
389,T06,Betu gla,Betula glandulosa,17.15,17.20,14,0.05
390,T06,Betu gla,Betula glandulosa,17.34,17.36,21,0.02
391,T06,Betu gla,Betula glandulosa,17.53,17.56,11,0.03
392,T06,Betu gla,Betula glandulosa,17.58,17.60,26,0.02
393,T06,Betu gla,Betula glandulosa,17.85,18.01,29,0.16
394,T06,Betu gla,Betula glandulosa,18.05,18.11,12,0.06
395,T06,Betu gla,Betula glandulosa,18.14,18.16,13,0.02
396,T06,Betu gla,Betula glandulosa,18.23,18.26,16,0.03
397,T06,Betu gla,Betula glandulosa,18.64,18.66,21,0.02
398,T06,Betu gla,Betula glandulosa,18.30,18.34,32,0.04
399,T06,Betu gla,Betula glandulosa,19.40,19.70,18,0.30
400,T06,Betu gla,Betula glandulosa,19.80,19.97,19,0.17
401,T06,Betu gla,Betula glandulosa,20.03,20.21,19,0.18
402,T06,Sali pul,Salix pulchra,20.73,20.80,30,0.07
403,T06,Sali pul,Salix pulchra,21.00,21.04,32,0.04
404,T06,Sali pul,Salix pulchra,21.20,21.47,44,0.27
405,T06,Betu gla,Betula glandulosa,22.20,22.28,32,0.08
406,T06,Betu gla,Betula glandulosa,22.32,22.42,20,0.10
407,T06,Betu gla,Betula glandulosa,22.62,22.64,15,0.02
408,T06,Betu gla,Betula glandulosa,23.24,23.26,20,0.02
409,T06,Betu gla,Betula glandulosa,23.31,23.35,26,0.04
410,T06,Sali pul,Salix pulchra,24.05,24.13,21,0.08
411,T06,Betu gla,Betula glandulosa,24.40,24.47,24,0.07
412,T06,Betu gla,Betula glandulosa,25.10,25.28,36,0.18
413,T06,Betu gla,Betula glandulosa,26.00,26.03,14,0.03
414,T06,Betu gla,Betula glandulosa,26.35,26.42,19,0.07
415,T06,Sali pul,Salix pulchra,26.49,26.53,24,0.04
416,T06,Betu gla,Betula glandulosa,26.63,26.67,20,0.04
417,T06,Betu gla,Betula glandulosa,26.85,27.03,40,0.18
418,T06,Betu gla,Betula glandulosa,27.14,27.21,25,0.07
419,T06,Betu gla,Betula glandulosa,27.23,27.31,19,0.08
420,T06,Betu gla,Betula glandulosa,27.50,27.60,12,0.10
421,T06,Betu gla,Betula glandulosa,27.70,28.95,40,1.25
422,T06,Betu gla,Betula glandulosa,29.01,29.07,38,0.06
423,T06,Betu gla,Betula glandulosa,29.13,29.15,30,0.02
424,T06,Betu gla,Betula glandulosa,29.18,29.23,21,0.05
425,T06,Betu gla,Betula glandulosa,29.30,29.32,33,0.02
426,T06,Betu gla,Betula glandulosa,29.41,29.53,14,0.12
427,T07,Betu gla,Betula glandulosa,0.07,0.09,18,0.02
428,T07,Betu gla,Betula glandulosa,2.60,2.62,7,0.02
429,T07,Betu gla,Betula glandulosa,2.80,2.83,24,0.03
430,T07,Betu gla,Betula glandulosa,7.28,7.32,14,0.04
431,T07,Betu gla,Betula glandulosa,8.28,8.32,20,0.04
432,T07,Sali pul,Salix pulchra,8.95,9.10,48,0.15
433,T07,Sali pul,Salix pulchra,14.16,14.20,25,0.04
434,T07,Betu gla,Betula glandulosa,14.32,14.35,16,0.03
435,T07,Betu gla,Betula glandulosa,14.48,14.52,21,0.04
436,T07,Betu gla,Betula glandulosa,14.58,14.62,23,0.04
437,T07,Betu gla,Betula glandulosa,15.20,15.23,28,0.03
438,T07,Betu gla,Betula glandulosa,16.17,16.19,19,0.02
439,T07,Betu gla,Betula glandulosa,16.42,16.44,10,0.02
440,T07,Betu gla,Betula glandulosa,17.50,17.53,26,0.03
441,T07,Betu gla,Betula glandulosa,17.70,17.72,23,0.02
442,T07,Betu gla,Betula glandulosa,17.98,18.00,16,0.02
443,T07,Betu gla,Betula glandulosa,18.07,18.10,19,0.03
444,T07,Betu gla,Betula glandulosa,20.07,20.09,17,0.02
445,T07,Betu gla,Betula glandulosa,20.31,20.43,13,0.12
446,T07,Betu gla,Betula glandulosa,20.93,20.99,36,0.06
447,T07,Betu gla,Betula glandulosa,21.12,21.29,40,0.17
448,T07,Betu gla,Betula glandulosa,22.52,22.64,26,0.12
449,T07,Betu gla,Betula glandulosa,22.91,22.94,19,0.03
450,T07,Betu gla,Betula glandulosa,22.97,23.00,20,0.03
451,T07,Betu gla,Betula glandulosa,23.17,23.21,4,0.04
452,T07,Betu gla,Betula glandulosa,23.25,23.29,10,0.04
453,T07,Sali pul,Salix pulchra,24.20,24.24,30,0.04
454,T07,Betu gla,Betula glandulosa,24.70,24.72,8,0.02
455,T07,Betu gla,Betula glandulosa,24.96,25.02,24,0.06
456,T07,Betu gla,Betula glandulosa,25.11,25.21,12,0.10
457,T07,Alnu cri,Alnus crispa,25.87,26.36,74,0.49
458,T07,Betu gla,Betula glandulosa,26.87,26.90,13,0.03
459,T07,Betu gla,Betula glandulosa,27.41,27.62,19,0.21
460,T07,Betu gla,Betula glandulosa,27.64,27.69,17,0.05
461,T07,Betu gla,Betula glandulosa,28.03,28.06,21,0.03
462,T07,Sali pul,Salix pulchra,28.48,28.55,31,0.07
463,T07,Betu gla,Betula glandulosa,28.75,28.79,14,0.04
464,T07,Betu gla,Betula glandulosa,29.13,29.15,17,0.02
465,T07,Betu gla,Betula glandulosa,29.25,29.28,13,0.03
466,T08,Betu gla,Betula glandulosa,0.50,0.52,37,0.02
467,T08,Betu gla,Betula glandulosa,1.17,1.19,27,0.02
468,T08,Betu gla,Betula glandulosa,1.50,1.58,22,0.08
469,T08,Betu gla,Betula glandulosa,2.05,2.15,28,0.10
470,T08,Betu gla,Betula glandulosa,2.23,2.25,19,0.02
471,T08,Betu gla,Betula glandulosa,2.42,2.46,27,0.04
472,T08,Betu gla,Betula glandulosa,2.95,2.97,12,0.02
473,T08,Betu gla,Betula glandulosa,3.14,3.20,56,0.06
474,T08,Betu gla,Betula glandulosa,3.25,3.27,22,0.02
475,T08,Betu gla,Betula glandulosa,3.46,5.74,49,2.28
476,T08,Betu gla,Betula glandulosa,5.88,5.95,52,0.07
477,T08,Betu gla,Betula glandulosa,6.00,6.13,29,0.13
478,T08,Betu gla,Betula glandulosa,6.20,6.70,56,0.50
479,T08,Betu gla,Betula glandulosa,6.89,7.00,61,0.11
480,T08,Betu gla,Betula glandulosa,7.05,7.09,39,0.04
481,T08,Betu gla,Betula glandulosa,7.17,7.19,47,0.02
482,T08,Betu gla,Betula glandulosa,7.30,7.38,49,0.08
483,T08,Betu gla,Betula glandulosa,7.65,7.90,38,0.25
484,T08,Betu gla,Betula glandulosa,7.99,8.21,61,0.22
485,T08,Betu gla,Betula glandulosa,8.44,8.46,28,0.02
486,T08,Betu gla,Betula glandulosa,8.50,9.05,77,0.55
487,T08,Betu gla,Betula glandulosa,9.13,9.15,57,0.02
488,T08,Betu gla,Betula glandulosa,9.29,10.54,71,1.25
489,T08,Alnu cri,Alnus crispa,10.77,11.00,75,0.23
490,T08,Betu gla,Betula glandulosa,11.12,11.71,67,0.59
491,T08,Betu gla,Betula glandulosa,11.76,11.85,16,0.09
492,T08,Betu gla,Betula glandulosa,11.91,11.93,28,0.02
493,T08,Betu gla,Betula glandulosa,12.80,12.88,38,0.08
494,T08,Betu gla,Betula glandulosa,12.90,12.92,42,0.02
495,T08,Sali pul,Salix pulchra,14.26,14.28,44,0.02
496,T08,Betu gla,Betula glandulosa,14.50,14.60,74,0.10
497,T08,Sali pul,Salix pulchra,14.87,14.89,48,0.02
498,T08,Sali pul,Salix pulchra,14.97,15.05,45,0.08
499,T08,Betu gla,Betula glandulosa,15.66,15.71,29,0.05
500,T08,Betu gla,Betula glandulosa,15.82,15.84,20,0.02
501,T08,Betu gla,Betula glandulosa,15.89,15.98,35,0.09
502,T08,Betu gla,Betula glandulosa,16.01,16.04,18,0.03
503,T08,Sali pul,Salix pulchra,16.63,16.72,24,0.09
504,T08,Betu gla,Betula glandulosa,17.05,17.07,37,0.02
505,T08,Alnu cri,Alnus crispa,17.35,17.41,26,0.06
506,T08,Betu gla,Betula glandulosa,17.41,17.95,41,0.54
507,T08,Sali pul,Salix pulchra,18.68,18.73,38,0.05
508,T08,Betu gla,Betula glandulosa,19.05,19.10,22,0.05
509,T08,Betu gla,Betula glandulosa,19.25,19.32,23,0.07
510,T08,Sali pul,Salix pulchra,19.33,19.35,39,0.02
511,T08,Sali pul,Salix pulchra,19.74,19.80,24,0.06
512,T08,Betu gla,Betula glandulosa,19.78,19.88,45,0.10
513,T08,Betu gla,Betula glandulosa,21.56,21.77,52,0.21
514,T08,Betu gla,Betula glandulosa,21.93,21.95,22,0.02
515,T08,Betu gla,Betula glandulosa,22.05,22.08,36,0.03
516,T08,Betu gla,Betula glandulosa,22.16,22.42,45,0.26
517,T08,Betu gla,Betula glandulosa,22.57,22.59,19,0.02
518,T08,Betu gla,Betula glandulosa,22.61,22.70,39,0.09
519,T08,Alnu cri,Alnus crispa,22.65,23.13,47,0.48
520,T08,Betu gla,Betula glandulosa,23.49,23.58,27,0.09
521,T08,Sali pul,Salix pulchra,23.90,24.16,45,0.26
522,T08,Betu gla,Betula glandulosa,24.16,24.20,17,0.04
523,T08,Sali pul,Salix pulchra,24.60,24.65,29,0.05
524,T08,Betu gla,Betula glandulosa,25.10,25.25,39,0.15
525,T08,Betu gla,Betula glandulosa,25.55,25.57,37,0.02
526,T08,Betu gla,Betula glandulosa,25.70,25.77,36,0.07
527,T08,Alnu cri,Alnus crispa,25.90,26.44,95,0.54
528,T08,Betu gla,Betula glandulosa,26.48,26.51,29,0.03
529,T08,Betu gla,Betula glandulosa,26.70,26.72,14,0.02
530,T08,Betu gla,Betula glandulosa,26.75,26.80,46,0.05
531,T08,Betu gla,Betula glandulosa,26.90,26.94,22,0.04
532,T08,Betu gla,Betula glandulosa,27.01,27.03,19,0.02
533,T08,Betu gla,Betula glandulosa,27.13,27.52,56,0.39
534,T08,Betu gla,Betula glandulosa,27.60,27.74,35,0.14
535,T08,Betu gla,Betula glandulosa,27.87,28.45,59,0.58
536,T08,Betu gla,Betula glandulosa,28.48,28.60,57,0.12
537,T08,Betu gla,Betula glandulosa,28.65,29.57,57,0.92
538,T08,Sali pul,Salix pulchra,29.74,29.82,49,0.08
539,T08,Betu gla,Betula glandulosa,29.85,29.89,44,0.04
540,T09,Betu gla,Betula glandulosa,3.98,4.06,22,0.08
541,T09,Sali pul,Salix pulchra,4.10,4.16,12,0.06
542,T09,Sali pul,Salix pulchra,4.18,4.24,6,0.06
543,T09,Sali pul,Salix pulchra,4.26,4.38,17,0.12
544,T09,Sali pul,Salix pulchra,4.67,4.72,16,0.05
545,T09,Betu gla,Betula glandulosa,5.11,5.13,14,0.02
546,T09,Betu gla,Betula glandulosa,5.25,5.27,12,0.02
547,T09,Betu gla,Betula glandulosa,5.34,5.37,17,0.03
548,T09,Betu gla,Betula glandulosa,5.46,5.48,19,0.02
549,T09,Betu gla,Betula glandulosa,5.54,5.56,16,0.02
550,T09,Sali pul,Salix pulchra,6.36,6.41,27,0.05
551,T09,Betu gla,Betula glandulosa,6.63,6.74,26,0.11
552,T09,Betu gla,Betula glandulosa,7.03,7.07,42,0.04
553,T09,Betu gla,Betula glandulosa,7.26,7.76,17,0.50
554,T09,Sali pul,Salix pulchra,8.03,8.07,11,0.04
555,T09,Betu gla,Betula glandulosa,8.10,9.02,53,0.92
556,T09,Betu gla,Betula glandulosa,9.07,9.17,37,0.10
557,T09,Sali pul,Salix pulchra,10.25,10.32,38,0.07
558,T09,Sali pul,Salix pulchra,10.39,10.47,44,0.08
559,T09,Betu gla,Betula glandulosa,10.52,10.65,55,0.13
560,T09,Betu gla,Betula glandulosa,10.89,10.94,55,0.05
561,T09,Betu gla,Betula glandulosa,11.30,11.48,51,0.18
562,T09,Sali pul,Salix pulchra,11.96,12.05,27,0.09
563,T09,Betu gla,Betula glandulosa,12.03,12.09,24,0.06
564,T09,Betu gla,Betula glandulosa,12.20,12.23,15,0.03
565,T09,Betu gla,Betula glandulosa,14.05,16.85,71,2.80
566,T09,Alnu cri,Alnus crispa,14.22,14.28,40,0.06
567,T09,Betu gla,Betula glandulosa,16.95,17.38,41,0.43
568,T09,Betu gla,Betula glandulosa,17.42,17.75,43,0.33
569,T09,Betu gla,Betula glandulosa,17.77,18.31,36,0.54
570,T09,Betu gla,Betula glandulosa,18.42,18.82,37,0.40
571,T09,Betu gla,Betula glandulosa,18.87,18.95,7,0.08
572,T09,Betu gla,Betula glandulosa,19.06,19.21,24,0.15
573,T09,Alnu cri,Alnus crispa,19.61,19.72,30,0.11
574,T09,Alnu cri,Alnus crispa,19.77,20.09,28,0.32
575,T09,Betu gla,Betula glandulosa,20.29,20.32,19,0.03
576,T09,Betu gla,Betula glandulosa,20.38,20.52,42,0.14
577,T09,Betu gla,Betula glandulosa,20.75,20.77,18,0.02
578,T09,Betu gla,Betula glandulosa,21.87,21.90,30,0.03
579,T09,Betu gla,Betula glandulosa,22.02,22.10,29,0.08
580,T09,Betu gla,Betula glandulosa,22.16,23.12,52,0.96
581,T09,Sali pul,Salix pulchra,23.14,23.17,33,0.03
582,T09,Alnu cri,Alnus crispa,23.70,23.82,19,0.12
583,T09,Betu gla,Betula glandulosa,23.93,23.99,24,0.06
584,T09,Betu gla,Betula glandulosa,24.19,24.21,25,0.02
585,T09,Betu gla,Betula glandulosa,24.65,24.67,14,0.02
586,T09,Betu gla,Betula glandulosa,24.77,24.94,28,0.17
587,T09,Sali pul,Salix pulchra,25.09,25.11,26,0.02
588,T09,Sali pul,Salix pulchra,25.23,25.26,23,0.03
589,T09,Betu gla,Betula glandulosa,26.83,26.99,18,0.16
590,T09,Betu gla,Betula glandulosa,27.06,27.08,17,0.02
591,T09,Sali pul,Salix pulchra,28.46,28.51,24,0.05
592,T09,Sali pul,Salix pulchra,28.56,28.64,19,0.08
593,T09,Betu gla,Betula glandulosa,29.67,29.97,28,0.30
594,T09,Alnu cri,Alnus crispa,29.97,30.00,62,0.03
595,T10,Betu gla,Betula glandulosa,0.21,0.29,44,0.08
596,T10,Alnu cri,Alnus crispa,0.55,0.79,65,0.24
597,T10,Betu gla,Betula glandulosa,1.01,1.03,26,0.02
598,T10,Betu gla,Betula glandulosa,1.86,2.09,34,0.23
599,T10,Betu gla,Betula glandulosa,2.14,2.20,20,0.06
600,T10,Betu gla,Betula glandulosa,2.24,2.26,9,0.02
601,T10,Betu gla,Betula glandulosa,2.42,2.67,34,0.25
602,T10,Betu gla,Betula glandulosa,3.10,3.14,10,0.04
603,T10,Sali pul,Salix pulchra,3.15,3.21,43,0.06
604,T10,Alnu cri,Alnus crispa,3.70,4.01,37,0.31
605,T10,Sali pul,Salix pulchra,4.52,4.59,43,0.07
606,T10,Sali pul,Salix pulchra,4.76,4.80,47,0.04
607,T10,Betu gla,Betula glandulosa,5.01,5.05,49,0.04
608,T10,Betu gla,Betula glandulosa,5.18,5.30,25,0.12
609,T10,Betu gla,Betula glandulosa,5.43,5.47,36,0.04
610,T10,Sali pul,Salix pulchra,5.40,5.47,33,0.07
611,T10,Sali pul,Salix pulchra,5.58,5.72,36,0.14
612,T10,Betu gla,Betula glandulosa,5.70,5.87,32,0.17
613,T10,Sali pul,Salix pulchra,6.20,6.37,27,0.17
614,T10,Sali pul,Salix pulchra,6.67,6.72,23,0.05
615,T10,Betu gla,Betula glandulosa,6.74,6.78,13,0.04
616,T10,Sali pul,Salix pulchra,6.83,6.86,22,0.03
617,T10,Betu gla,Betula glandulosa,7.14,7.25,30,0.11
618,T10,Sali pul,Salix pulchra,8.53,8.72,41,0.19
619,T10,Sali pul,Salix pulchra,9.22,9.26,39,0.04
620,T10,Sali pul,Salix pulchra,9.31,9.44,47,0.13
621,T10,Betu gla,Betula glandulosa,10.36,10.39,40,0.03
622,T10,Sali pul,Salix pulchra,10.89,11.04,47,0.15
623,T10,Betu gla,Betula glandulosa,11.63,11.80,21,0.17
624,T10,Sali pul,Salix pulchra,12.72,12.84,32,0.12
625,T10,Sali pul,Salix pulchra,13.14,13.21,32,0.07
626,T10,Betu gla,Betula glandulosa,13.47,13.60,37,0.13
627,T10,Betu gla,Betula glandulosa,13.83,13.95,55,0.12
628,T10,Sali pul,Salix pulchra,14.59,14.70,63,0.11
629,T10,Alnu cri,Alnus crispa,14.62,14.71,42,0.09
630,T10,Sali pul,Salix pulchra,14.97,15.28,51,0.31
631,T10,Betu gla,Betula glandulosa,15.39,15.53,29,0.14
632,T10,Betu gla,Betula glandulosa,15.73,15.76,26,0.03
633,T10,Betu gla,Betula glandulosa,16.16,16.19,8,0.03
634,T10,Betu gla,Betula glandulosa,16.73,16.83,28,0.10
635,T10,Betu gla,Betula glandulosa,17.35,17.43,43,0.08
636,T10,Sali pul,Salix pulchra,17.67,17.70,14,0.03
637,T10,Betu gla,Betula glandulosa,18.43,18.47,34,0.04
638,T10,Alnu cri,Alnus crispa,18.45,18.56,42,0.11
639,T10,Betu gla,Betula glandulosa,17.73,17.76,12,0.03
640,T10,Betu gla,Betula glandulosa,18.91,19.14,35,0.23
641,T10,Betu gla,Betula glandulosa,19.25,19.45,27,0.20
642,T10,Betu gla,Betula glandulosa,19.59,19.86,44,0.27
643,T10,Betu gla,Betula glandulosa,20.19,20.63,47,0.44
644,T10,Betu gla,Betula glandulosa,20.80,21.05,31,0.25
645,T10,Betu gla,Betula glandulosa,21.45,21.55,29,0.10
646,T10,Betu gla,Betula glandulosa,21.64,21.69,32,0.05
647,T10,Sali pul,Salix pulchra,21.76,21.80,31,0.04
648,T10,Betu gla,Betula glandulosa,22.13,22.16,35,0.03
649,T10,Betu gla,Betula glandulosa,22.24,22.31,30,0.07
650,T10,Betu gla,Betula glandulosa,22.45,22.66,42,0.21
651,T10,Betu gla,Betula glandulosa,24.20,24.29,40,0.09
652,T10,Betu gla,Betula glandulosa,24.92,25.10,29,0.18
653,T10,Betu gla,Betula glandulosa,26.96,27.19,21,0.23
654,T10,Betu gla,Betula glandulosa,28.55,28.57,30,0.02
